 Iteration,         tX,         tY,         tZ,         rX,         rY,         rZ,    Fitness,         x1,         x2,         x3,         x4,         x5,         x6
         0, 0.50735935, 0.56178775, 0.38458024, 0.08010681, 0.95015504, 0.93717525, 26.3567649, 26.3567649, 26.3567649, 26.3567649, 26.3567649, 26.3567649, 26.3567649
         0, 0.54736035, 0.51854031, 0.38269274, 0.29144042, 0.53904284, 0.72228542, 28.4392999, 28.4392999, 28.4392999, 28.4392999, 28.4392999, 28.4392999, 28.4392999
         0, 0.44263477, 0.60273885, 0.52863251, 0.83368102, 0.56885875, 0.04703254, 32.3018584, 32.3018584, 32.3018584, 32.3018584, 32.3018584, 32.3018584, 32.3018584
         0, 0.51995109, 0.66493673, 0.62697669, 0.67046278, 0.08480757, 0.45843077, 35.2822075, 35.2822075, 35.2822075, 35.2822075, 35.2822075, 35.2822075, 35.2822075
         0, 0.5820118, 0.3037906, 0.57567161, 0.80518103, 0.31209403, 0.43014552, 39.5638203, 39.5638203, 39.5638203, 39.5638203, 39.5638203, 39.5638203, 39.5638203
         0, 0.46118052, 0.30674708, 0.60600932, 0.24646531, 0.87239327, 0.73817316, 39.7047768, 39.7047768, 39.7047768, 39.7047768, 39.7047768, 39.7047768, 39.7047768
         0, 0.61236348, 0.57865532, 0.40501122, 0.8977344, 0.44340787, 0.55374755, 45.4965159, 45.4965159, 45.4965159, 45.4965159, 45.4965159, 45.4965159, 45.4965159
         0, 0.28029378, 0.39043471, 0.54754368, 0.16873211, 0.58320147, 0.45867025, 47.1022782, 47.1022782, 47.1022782, 47.1022782, 47.1022782, 47.1022782, 47.1022782
         0, 0.36113658, 0.63594484, 0.61967312, 0.53547589, 0.1002757, 0.82288339, 47.5264453, 47.5264453, 47.5264453, 47.5264453, 47.5264453, 47.5264453, 47.5264453
         0, 0.20743012, 0.46448448, 0.47361229, 0.6550675, 0.83429517, 0.33483121, 48.0348884, 48.0348884, 48.0348884, 48.0348884, 48.0348884, 48.0348884, 48.0348884
         0, 0.70666212, 0.37097724, 0.6941105, 0.00153972, 0.34963928, 0.53357773, 53.0159253, 53.0159253, 53.0159253, 53.0159253, 53.0159253, 53.0159253, 53.0159253
         0, 0.63375207, 0.71029403, 0.40558336, 0.73613843, 0.18112343, 0.49074247, 53.1486934, 53.1486934, 53.1486934, 53.1486934, 53.1486934, 53.1486934, 53.1486934
         0, 0.6386003, 0.56305212, 0.37377293, 0.19679557, 0.33540757, 0.19749488, 54.0373415, 54.0373415, 54.0373415, 54.0373415, 54.0373415, 54.0373415, 54.0373415
         0, 0.78509378, 0.46873962, 0.50585141, 0.91852319, 0.3164547, 0.56277287, 54.0836169, 54.0836169, 54.0836169, 54.0836169, 54.0836169, 54.0836169, 54.0836169
         0, 0.61939989, 0.62287877, 0.58688775, 0.33525914, 0.64905684, 0.93249451, 54.8692015, 54.8692015, 54.8692015, 54.8692015, 54.8692015, 54.8692015, 54.8692015
         0, 0.49541902, 0.21077929, 0.64414806, 0.13223914, 0.31340544, 0.5892142, 56.3268830, 56.326883, 56.326883, 56.326883, 56.326883, 56.326883, 56.326883
         0, 0.33885962, 0.19681929, 0.42504215, 0.32553975, 0.93354254, 0.718469, 56.4432366, 56.4432366, 56.4432366, 56.4432366, 56.4432366, 56.4432366, 56.4432366
         0, 0.64083111, 0.35509322, 0.72071961, 0.54356462, 0.27368644, 0.05079483, 56.4879839, 56.4879839, 56.4879839, 56.4879839, 56.4879839, 56.4879839, 56.4879839
         0, 0.57592613, 0.68884926, 0.57072189, 0.73957577, 0.7508152, 0.38775584, 56.5312596, 56.5312596, 56.5312596, 56.5312596, 56.5312596, 56.5312596, 56.5312596
         0, 0.63754948, 0.51018143, 0.81453174, 0.56681258, 0.07843546, 0.74886373, 56.9609712, 56.9609712, 56.9609712, 56.9609712, 56.9609712, 56.9609712, 56.9609712
         0, 0.40108054, 0.41725741, 0.81625734, 0.89512557, 0.73003213, 0.9210845, 57.6954717, 57.6954717, 57.6954717, 57.6954717, 57.6954717, 57.6954717, 57.6954717
         0, 0.43453077, 0.24538517, 0.64817674, 0.14329838, 0.4492795, 0.60238188, 57.9880270, 57.988027, 57.988027, 57.988027, 57.988027, 57.988027, 57.988027
         0, 0.48147101, 0.43336497, 0.82809245, 0.82269745, 0.76014249, 0.55587677, 58.2991756, 58.2991756, 58.2991756, 58.2991756, 58.2991756, 58.2991756, 58.2991756
         0, 0.6603312, 0.38477712, 0.75243028, 0.22995081, 0.09569958, 0.55763841, 59.8955131, 59.8955131, 59.8955131, 59.8955131, 59.8955131, 59.8955131, 59.8955131
         0, 0.54264068, 0.66426415, 0.3380349, 0.99453423, 0.44377861, 0.61831617, 60.3045725, 60.3045725, 60.3045725, 60.3045725, 60.3045725, 60.3045725, 60.3045725
         0, 0.1095661, 0.44235055, 0.51658546, 0.68469641, 0.58911739, 0.11271319, 60.9311915, 60.9311915, 60.9311915, 60.9311915, 60.9311915, 60.9311915, 60.9311915
         0, 0.68967688, 0.36638427, 0.78543974, 0.29956467, 0.96493394, 0.0876507, 62.3222105, 62.3222105, 62.3222105, 62.3222105, 62.3222105, 62.3222105, 62.3222105
         0, 0.41562434, 0.76260668, 0.6334768, 0.86685464, 0.48418674, 0.01081471, 63.5331366, 63.5331366, 63.5331366, 63.5331366, 63.5331366, 63.5331366, 63.5331366
         0, 0.50408461, 0.25321039, 0.82788687, 0.23978881, 0.94648145, 0.19815584, 64.1874223, 64.1874223, 64.1874223, 64.1874223, 64.1874223, 64.1874223, 64.1874223
         0, 0.28736919, 0.25934075, 0.4025693, 0.90068319, 0.9604451, 0.68913246, 64.3648639, 64.3648639, 64.3648639, 64.3648639, 64.3648639, 64.3648639, 64.3648639
         0, 0.52371368, 0.68927711, 0.24973052, 0.71040732, 0.92803803, 0.30693207, 64.4135330, 64.413533, 64.413533, 64.413533, 64.413533, 64.413533, 64.413533
         0, 0.78510155, 0.28565752, 0.63046573, 0.9617549, 0.27556853, 0.19990307, 66.4999130, 66.499913, 66.499913, 66.499913, 66.499913, 66.499913, 66.499913
         0, 0.27340526, 0.34082437, 0.70385047, 0.75668374, 0.01687012, 0.3750423, 66.7417664, 66.7417664, 66.7417664, 66.7417664, 66.7417664, 66.7417664, 66.7417664
         0, 0.46278603, 0.42109829, 0.89827071, 0.47393251, 0.95492659, 0.40128552, 66.9275395, 66.9275395, 66.9275395, 66.9275395, 66.9275395, 66.9275395, 66.9275395
         0, 0.6673518, 0.27526918, 0.64618251, 0.29092067, 0.45601368, 0.27867206, 68.3538306, 68.3538306, 68.3538306, 68.3538306, 68.3538306, 68.3538306, 68.3538306
         0, 0.25780863, 0.76556528, 0.53343009, 0.48112882, 0.66078112, 0.60147462, 69.7287305, 69.7287305, 69.7287305, 69.7287305, 69.7287305, 69.7287305, 69.7287305
         0, 0.11393463, 0.44979031, 0.42125815, 0.42458871, 0.74709825, 0.35305322, 69.9055582, 69.9055582, 69.9055582, 69.9055582, 69.9055582, 69.9055582, 69.9055582
         0, 0.44602465, 0.34484371, 0.18635392, 0.08801136, 0.01951833, 0.11195722, 70.4988079, 70.4988079, 70.4988079, 70.4988079, 70.4988079, 70.4988079, 70.4988079
         0, 0.11794683, 0.49951865, 0.44725968, 0.00305009, 0.59277713, 0.33226742, 71.9435431, 71.9435431, 71.9435431, 71.9435431, 71.9435431, 71.9435431, 71.9435431
         0, 0.79602101, 0.30549033, 0.49849355, 0.22034918, 0.0640812, 0.74505475, 72.6107912, 72.6107912, 72.6107912, 72.6107912, 72.6107912, 72.6107912, 72.6107912
         0, 0.71563799, 0.6201122, 0.63896883, 0.47093273, 0.6995216, 0.98408691, 72.6672448, 72.6672448, 72.6672448, 72.6672448, 72.6672448, 72.6672448, 72.6672448
         0, 0.56246412, 0.54833759, 0.83441718, 0.1779555, 0.88085464, 0.70053223, 72.6714622, 72.6714622, 72.6714622, 72.6714622, 72.6714622, 72.6714622, 72.6714622
         0, 0.6287992, 0.81027726, 0.36764542, 0.19191814, 0.54051772, 0.63610844, 73.0793223, 73.0793223, 73.0793223, 73.0793223, 73.0793223, 73.0793223, 73.0793223
         0, 0.78428515, 0.65759496, 0.72360992, 0.70525927, 0.17107038, 0.97223962, 73.5650786, 73.5650786, 73.5650786, 73.5650786, 73.5650786, 73.5650786, 73.5650786
         0, 0.39583551, 0.61109765, 0.26756001, 0.34807527, 0.81708157, 0.11326655, 73.6330173, 73.6330173, 73.6330173, 73.6330173, 73.6330173, 73.6330173, 73.6330173
         0, 0.27519131, 0.38219106, 0.79787078, 0.14343089, 0.03749543, 0.10912983, 74.0220008, 74.0220008, 74.0220008, 74.0220008, 74.0220008, 74.0220008, 74.0220008
         0, 0.87986219, 0.41316124, 0.51247312, 0.37962259, 0.06913258, 0.02724554, 74.1299338, 74.1299338, 74.1299338, 74.1299338, 74.1299338, 74.1299338, 74.1299338
         0, 0.14651347, 0.72679506, 0.58955584, 0.93384877, 0.84910497, 0.00540192, 76.1498937, 76.1498937, 76.1498937, 76.1498937, 76.1498937, 76.1498937, 76.1498937
         0, 0.64202107, 0.82413923, 0.61394812, 0.83446833, 0.08601012, 0.24724218, 77.4724533, 77.4724533, 77.4724533, 77.4724533, 77.4724533, 77.4724533, 77.4724533
         0, 0.76460821, 0.64723993, 0.81156556, 0.64807427, 0.31912043, 0.57647777, 77.9178684, 77.9178684, 77.9178684, 77.9178684, 77.9178684, 77.9178684, 77.9178684
         0, 0.62570902, 0.12668882, 0.57821103, 0.42460365, 0.61318747, 0.85872515, 78.4468545, 78.4468545, 78.4468545, 78.4468545, 78.4468545, 78.4468545, 78.4468545
         0, 0.73418229, 0.35095925, 0.73987116, 0.55640888, 0.95287099, 0.43849278, 79.6231850, 79.623185, 79.623185, 79.623185, 79.623185, 79.623185, 79.623185
         0, 0.1869915, 0.24722968, 0.57798362, 0.73781137, 0.90622177, 0.97359966, 80.1908310, 80.190831, 80.190831, 80.190831, 80.190831, 80.190831, 80.190831
         0, 0.80162316, 0.37047457, 0.60239656, 0.82193382, 0.73889442, 0.79840257, 80.4617803, 80.4617803, 80.4617803, 80.4617803, 80.4617803, 80.4617803, 80.4617803
         0, 0.10623118, 0.31343146, 0.34337545, 0.91459187, 0.87794173, 0.27417541, 80.5902795, 80.5902795, 80.5902795, 80.5902795, 80.5902795, 80.5902795, 80.5902795
         0, 0.42538465, 0.58870322, 0.15435899, 0.11402784, 0.44399742, 0.80501295, 80.8448920, 80.844892, 80.844892, 80.844892, 80.844892, 80.844892, 80.844892
         0, 0.2851945, 0.78800573, 0.60414485, 0.75416385, 0.24973657, 0.94095104, 81.0427532, 81.0427532, 81.0427532, 81.0427532, 81.0427532, 81.0427532, 81.0427532
         0, 0.22859704, 0.46952685, 0.84703929, 0.15198434, 0.53242989, 0.73252898, 81.0516470, 81.051647, 81.051647, 81.051647, 81.051647, 81.051647, 81.051647
         0, 0.87676682, 0.47624001, 0.6849818, 0.38896927, 0.26164749, 0.20971958, 81.1807292, 81.1807292, 81.1807292, 81.1807292, 81.1807292, 81.1807292, 81.1807292
         0, 0.54242876, 0.0994398, 0.3380984, 0.04161647, 0.12953103, 0.21216278, 81.3406688, 81.3406688, 81.3406688, 81.3406688, 81.3406688, 81.3406688, 81.3406688
         0, 0.31767478, 0.86002713, 0.40982599, 0.42472843, 0.85789038, 0.38161857, 82.6743051, 82.6743051, 82.6743051, 82.6743051, 82.6743051, 82.6743051, 82.6743051
         0, 0.71465612, 0.80983056, 0.47930921, 0.52856506, 0.91199843, 0.13194708, 83.1814415, 83.1814415, 83.1814415, 83.1814415, 83.1814415, 83.1814415, 83.1814415
         0, 0.66665786, 0.3301591, 0.25580454, 0.05775661, 0.55677976, 0.62928909, 84.8600280, 84.860028, 84.860028, 84.860028, 84.860028, 84.860028, 84.860028
         0, 0.65617498, 0.18433927, 0.73574305, 0.57497258, 0.15250864, 0.42912119, 84.9191050, 84.919105, 84.919105, 84.919105, 84.919105, 84.919105, 84.919105
         0, 0.49036357, 0.82794583, 0.82118148, 0.98618809, 0.51619496, 0.02560884, 84.9488808, 84.9488808, 84.9488808, 84.9488808, 84.9488808, 84.9488808, 84.9488808
         0, 0.61658667, 0.25742712, 0.20611796, 0.29191524, 0.14051509, 0.12725745, 85.3695334, 85.3695334, 85.3695334, 85.3695334, 85.3695334, 85.3695334, 85.3695334
         0, 0.35397668, 0.17382517, 0.33415018, 0.67956489, 0.07754906, 0.01356839, 85.6553544, 85.6553544, 85.6553544, 85.6553544, 85.6553544, 85.6553544, 85.6553544
         0, 0.47515131, 0.85710667, 0.26761775, 0.58376592, 0.62857459, 0.31834557, 85.9736284, 85.9736284, 85.9736284, 85.9736284, 85.9736284, 85.9736284, 85.9736284
         0, 0.80611992, 0.64546442, 0.3105777, 0.95061382, 0.07472503, 0.589651, 86.0809306, 86.0809306, 86.0809306, 86.0809306, 86.0809306, 86.0809306, 86.0809306
         0, 0.0904021, 0.44233088, 0.2835454, 0.45771958, 0.39239726, 0.95366397, 86.6238112, 86.6238112, 86.6238112, 86.6238112, 86.6238112, 86.6238112, 86.6238112
         0, 0.44667848, 0.15416139, 0.76054956, 0.25261663, 0.48680663, 0.6150266, 86.7653778, 86.7653778, 86.7653778, 86.7653778, 86.7653778, 86.7653778, 86.7653778
         0, 0.15761074, 0.13334418, 0.51965472, 0.96130401, 0.56558447, 0.40831351, 87.1223048, 87.1223048, 87.1223048, 87.1223048, 87.1223048, 87.1223048, 87.1223048
         0, 0.39599798, 0.39610132, 0.08789954, 0.29791901, 0.99331809, 0.79900963, 87.3491456, 87.3491456, 87.3491456, 87.3491456, 87.3491456, 87.3491456, 87.3491456
         0, 0.23582328, 0.28663409, 0.23780118, 0.80814064, 0.6709064, 0.94258304, 87.5523441, 87.5523441, 87.5523441, 87.5523441, 87.5523441, 87.5523441, 87.5523441
         0, 0.17125885, 0.63052353, 0.2320617, 0.82762657, 0.88910296, 0.91832977, 88.1804620, 88.180462, 88.180462, 88.180462, 88.180462, 88.180462, 88.180462
         0, 0.7831313, 0.17669442, 0.42384422, 0.93387443, 0.19139299, 0.96304914, 89.0459652, 89.0459652, 89.0459652, 89.0459652, 89.0459652, 89.0459652, 89.0459652
         0, 0.18603458, 0.55334016, 0.24398271, 0.59644512, 0.12800649, 0.20426478, 89.2888689, 89.2888689, 89.2888689, 89.2888689, 89.2888689, 89.2888689, 89.2888689
         0, 0.91570543, 0.28776281, 0.65237218, 0.25496104, 0.24881953, 0.49671908, 89.5450907, 89.5450907, 89.5450907, 89.5450907, 89.5450907, 89.5450907, 89.5450907
         0, 0.44847197, 0.07468318, 0.63305593, 0.37191801, 0.7382382, 0.6109169, 90.4755646, 90.4755646, 90.4755646, 90.4755646, 90.4755646, 90.4755646, 90.4755646
         0, 0.49897248, 0.07956061, 0.45407829, 0.91090515, 0.92753797, 0.98281148, 90.6859869, 90.6859869, 90.6859869, 90.6859869, 90.6859869, 90.6859869, 90.6859869
         0, 0.47705837, 0.07982227, 0.66590381, 0.47319921, 0.7434429, 0.51838432, 91.4280173, 91.4280173, 91.4280173, 91.4280173, 91.4280173, 91.4280173, 91.4280173
         0, 0.2409376, 0.83470827, 0.75317064, 0.34892692, 0.88564255, 0.61444441, 91.5173641, 91.5173641, 91.5173641, 91.5173641, 91.5173641, 91.5173641, 91.5173641
         0, 0.23103071, 0.13618936, 0.42078493, 0.12691946, 0.52065238, 0.36898893, 91.9735253, 91.9735253, 91.9735253, 91.9735253, 91.9735253, 91.9735253, 91.9735253
         0, 0.78645636, 0.24255786, 0.29768302, 0.49360058, 0.30509301, 0.46775256, 92.1568186, 92.1568186, 92.1568186, 92.1568186, 92.1568186, 92.1568186, 92.1568186
         0, 0.37926468, 0.10243094, 0.80684655, 0.95835518, 0.45287343, 0.92011707, 92.5528789, 92.5528789, 92.5528789, 92.5528789, 92.5528789, 92.5528789, 92.5528789
         0, 0.63370719, 0.13108674, 0.20781158, 0.51212163, 0.49732433, 0.60258473, 93.3946196, 93.3946196, 93.3946196, 93.3946196, 93.3946196, 93.3946196, 93.3946196
         0, 0.54078089, 0.89575014, 0.33557501, 0.61029947, 0.60893518, 0.18641165, 93.5564742, 93.5564742, 93.5564742, 93.5564742, 93.5564742, 93.5564742, 93.5564742
         0, 0.6537453, 0.39834449, 0.17880409, 0.27788907, 0.53085197, 0.30061082, 93.7248541, 93.7248541, 93.7248541, 93.7248541, 93.7248541, 93.7248541, 93.7248541
         0, 0.62037439, 0.35494039, 0.12744528, 0.65639447, 0.22074834, 0.48677521, 93.8629584, 93.8629584, 93.8629584, 93.8629584, 93.8629584, 93.8629584, 93.8629584
         0, 0.76773588, 0.47255292, 0.2609056, 0.60368282, 0.81173564, 0.06960649, 94.0432308, 94.0432308, 94.0432308, 94.0432308, 94.0432308, 94.0432308, 94.0432308
         0, 0.29731386, 0.28140605, 0.94518824, 0.17904193, 0.32024687, 0.18761568, 94.2582577, 94.2582577, 94.2582577, 94.2582577, 94.2582577, 94.2582577, 94.2582577
         0, 0.891453, 0.66479891, 0.53352686, 0.69329662, 0.48231744, 0.7750837, 95.0806273, 95.0806273, 95.0806273, 95.0806273, 95.0806273, 95.0806273, 95.0806273
         0, 0.76053946, 0.11456434, 0.75604871, 0.64348673, 0.28375481, 0.05542427, 95.6600391, 95.6600391, 95.6600391, 95.6600391, 95.6600391, 95.6600391, 95.6600391
         0, 0.65979074, 0.15750227, 0.17239766, 0.75900519, 0.24632819, 0.29032042, 95.6994780, 95.699478, 95.699478, 95.699478, 95.699478, 95.699478, 95.699478
         0, 0.93684775, 0.43493207, 0.54307726, 0.85393954, 0.57339907, 0.41096365, 95.8065788, 95.8065788, 95.8065788, 95.8065788, 95.8065788, 95.8065788, 95.8065788
         0, 0.43029179, 0.24923229, 0.18679949, 0.6861704, 0.83501211, 0.93131355, 96.4347160, 96.434716, 96.434716, 96.434716, 96.434716, 96.434716, 96.434716
         0, 0.94559567, 0.69929183, 0.64189886, 0.33304225, 0.17372564, 0.1530664, 96.4724561, 96.4724561, 96.4724561, 96.4724561, 96.4724561, 96.4724561, 96.4724561
         0, 0.01515811, 0.30353707, 0.45175528, 0.80843105, 0.96185785, 0.72719756, 96.6857194, 96.6857194, 96.6857194, 96.6857194, 96.6857194, 96.6857194, 96.6857194
         0, 0.50972485, 0.37678415, 0.9501586, 0.35105101, 0.52176887, 0.8615184, 96.7721679, 96.7721679, 96.7721679, 96.7721679, 96.7721679, 96.7721679, 96.7721679
         0, 0.80091885, 0.5961725, 0.23477939, 0.69304196, 0.58316557, 0.66541178, 96.8945250, 96.894525, 96.894525, 96.894525, 96.894525, 96.894525, 96.894525
         0, 0.75483655, 0.05194402, 0.48028411, 0.95958464, 0.98776635, 0.24258914, 97.4120252, 97.4120252, 97.4120252, 97.4120252, 97.4120252, 97.4120252, 97.4120252
         0, 0.75546372, 0.0723427, 0.63711643, 0.1753652, 0.3763172, 0.36660904, 97.5951338, 97.5951338, 97.5951338, 97.5951338, 97.5951338, 97.5951338, 97.5951338
         0, 0.62939041, 0.20242044, 0.13716904, 0.46866527, 0.20811884, 0.82509331, 98.2749822, 98.2749822, 98.2749822, 98.2749822, 98.2749822, 98.2749822, 98.2749822
         0, 0.85441076, 0.72333141, 0.7177476, 0.93952151, 0.65380182, 0.74361803, 98.5391135, 98.5391135, 98.5391135, 98.5391135, 98.5391135, 98.5391135, 98.5391135
         0, 0.14949962, 0.67832423, 0.17169916, 0.04383525, 0.13353834, 0.73846106, 98.7783534, 98.7783534, 98.7783534, 98.7783534, 98.7783534, 98.7783534, 98.7783534
         0, 0.13911154, 0.14548096, 0.69758405, 0.16079281, 0.2542862, 0.51583644, 99.7710888, 99.7710888, 99.7710888, 99.7710888, 99.7710888, 99.7710888, 99.7710888
         0, 0.46058337, 0.2115569, 0.13145476, 0.46808759, 0.97071513, 0.78241385, 99.7789074, 99.7789074, 99.7789074, 99.7789074, 99.7789074, 99.7789074, 99.7789074
         0, 0.75031259, 0.72720705, 0.19177616, 0.54618674, 0.37845955, 0.6665433, 99.9800800, 99.98008, 99.98008, 99.98008, 99.98008, 99.98008, 99.98008
         0, 0.48264858, 0.79904082, 0.18254076, 0.59983209, 0.06863316, 0.06148051, 99.9871197, 99.9871197, 99.9871197, 99.9871197, 99.9871197, 99.9871197, 99.9871197
         0, 0.78500284, 0.27260428, 0.31240851, 0.49758168, 0.91136454, 0.56873285, 100.390223, 100.390223, 100.390223, 100.390223, 100.390223, 100.390223, 100.390223
         0, 0.53783489, 0.00701403, 0.83081311, 0.93135673, 0.34916516, 0.1555795, 100.684761, 100.684761, 100.684761, 100.684761, 100.684761, 100.684761, 100.684761
         0, 0.68533272, 0.90042064, 0.48325726, 0.66414052, 0.27831479, 0.89596531, 100.913614, 100.913614, 100.913614, 100.913614, 100.913614, 100.913614, 100.913614
         0, 0.80108959, 0.1745712, 0.67949293, 0.82238479, 0.16074464, 0.62024728, 101.649338, 101.649338, 101.649338, 101.649338, 101.649338, 101.649338, 101.649338
         0, 0.84404236, 0.63585921, 0.29204932, 0.11012023, 0.85302112, 0.21410457, 101.686787, 101.686787, 101.686787, 101.686787, 101.686787, 101.686787, 101.686787
         0, 0.67344104, 0.77532981, 0.88990616, 0.03035508, 0.21291395, 0.72347114, 101.697953, 101.697953, 101.697953, 101.697953, 101.697953, 101.697953, 101.697953
         0, 0.50781664, 0.44582686, 0.00495037, 0.97763597, 0.21056953, 0.71077007, 101.811455, 101.811455, 101.811455, 101.811455, 101.811455, 101.811455, 101.811455
         0, 0.79580122, 0.08793629, 0.3227141, 0.86828418, 0.30350168, 0.45563778, 101.971660, 101.97166, 101.97166, 101.97166, 101.97166, 101.97166, 101.97166
         0, 0.67282017, 0.96940417, 0.38754522, 0.60818629, 0.009277, 0.19708787, 102.379320, 102.37932, 102.37932, 102.37932, 102.37932, 102.37932, 102.37932
         0, 0.90007946, 0.38542953, 0.79595579, 0.82566681, 0.5810231, 0.43289919, 102.574530, 102.57453, 102.57453, 102.57453, 102.57453, 102.57453, 102.57453
         0, 0.48250888, 0.11182211, 0.93557175, 0.74162258, 0.22433422, 0.06329464, 102.652323, 102.652323, 102.652323, 102.652323, 102.652323, 102.652323, 102.652323
         0, 0.75835409, 0.04280864, 0.45731132, 0.29962207, 0.41672906, 0.62383308, 102.690224, 102.690224, 102.690224, 102.690224, 102.690224, 102.690224, 102.690224
         0, 0.44390425, 0.26103755, 0.07347669, 0.50613097, 0.72444831, 0.89359808, 102.976566, 102.976566, 102.976566, 102.976566, 102.976566, 102.976566, 102.976566
         0, 0.01827026, 0.12978681, 0.51130279, 0.03402413, 0.66108974, 0.14876247, 103.190847, 103.190847, 103.190847, 103.190847, 103.190847, 103.190847, 103.190847
         0, 0.44130107, 0.98056922, 0.52094841, 0.77252221, 0.84036431, 0.50895967, 103.623827, 103.623827, 103.623827, 103.623827, 103.623827, 103.623827, 103.623827
         0, 0.88296918, 0.78072808, 0.52886284, 0.55539521, 0.2938195, 0.97131703, 103.624402, 103.624402, 103.624402, 103.624402, 103.624402, 103.624402, 103.624402
         0, 0.11300656, 0.08975267, 0.40487422, 0.25184424, 0.05768259, 0.84919671, 103.722963, 103.722963, 103.722963, 103.722963, 103.722963, 103.722963, 103.722963
         0, 0.94556703, 0.43419829, 0.56042805, 0.75223017, 0.02056564, 0.47461809, 103.925593, 103.925593, 103.925593, 103.925593, 103.925593, 103.925593, 103.925593
         0, 0.72531359, 0.43534318, 0.04628076, 0.04575005, 0.05594099, 0.736624, 104.158013, 104.158013, 104.158013, 104.158013, 104.158013, 104.158013, 104.158013
         0, 0.02766524, 0.79945216, 0.42474009, 0.21415619, 0.68555032, 0.49231057, 104.880099, 104.880099, 104.880099, 104.880099, 104.880099, 104.880099, 104.880099
         0, 0.2192114, 0.16082536, 0.25474221, 0.73518223, 0.95921614, 0.20643411, 105.607551, 105.607551, 105.607551, 105.607551, 105.607551, 105.607551, 105.607551
         0, 0.05088755, 0.66925592, 0.65247397, 0.50573794, 0.17550639, 0.05848555, 105.889030, 105.88903, 105.88903, 105.88903, 105.88903, 105.88903, 105.88903
         0, 0.20829444, 0.01264608, 0.58165973, 0.3809338, 0.97975981, 0.38073131, 106.152864, 106.152864, 106.152864, 106.152864, 106.152864, 106.152864, 106.152864
         0, 0.56048907, 0.44719837, 0.05824632, 0.66903105, 0.66582612, 0.85357086, 106.824529, 106.824529, 106.824529, 106.824529, 106.824529, 106.824529, 106.824529
         0, 0.89961802, 0.16462441, 0.62163262, 0.18934577, 0.01846539, 0.84079735, 107.148770, 107.14877, 107.14877, 107.14877, 107.14877, 107.14877, 107.14877
         0, 0.77895746, 0.92330507, 0.5801122, 0.63048943, 0.43531926, 0.62367983, 107.853464, 107.853464, 107.853464, 107.853464, 107.853464, 107.853464, 107.853464
         0, 0.61128288, 0.60498445, 0.09684639, 0.60086033, 0.73926099, 0.88504048, 108.164633, 108.164633, 108.164633, 108.164633, 108.164633, 108.164633, 108.164633
         0, 0.39008804, 0.00293708, 0.68281798, 0.57059249, 0.12083502, 0.19804457, 108.221057, 108.221057, 108.221057, 108.221057, 108.221057, 108.221057, 108.221057
         0, 0.07518317, 0.74533159, 0.68943645, 0.29659283, 0.08986544, 0.81398808, 109.382984, 109.382984, 109.382984, 109.382984, 109.382984, 109.382984, 109.382984
         0, 0.12257086, 0.4326965, 0.89098462, 0.82025293, 0.15491309, 0.29253533, 110.200075, 110.200075, 110.200075, 110.200075, 110.200075, 110.200075, 110.200075
         0, 0.27798235, 0.2319116, 0.03116866, 0.50328355, 0.73903714, 0.56203147, 110.710879, 110.710879, 110.710879, 110.710879, 110.710879, 110.710879, 110.710879
         0, 0.06233315, 0.66956952, 0.32830382, 0.45237751, 0.08375083, 0.953603, 111.000476, 111.000476, 111.000476, 111.000476, 111.000476, 111.000476, 111.000476
         0, 0.91382716, 0.12047423, 0.52287053, 0.22554522, 0.42670656, 0.45430247, 111.871597, 111.871597, 111.871597, 111.871597, 111.871597, 111.871597, 111.871597
         0, 0.95476799, 0.58502024, 0.50030373, 0.70057826, 0.86855831, 0.71822602, 112.228291, 112.228291, 112.228291, 112.228291, 112.228291, 112.228291, 112.228291
         0, 0.91581147, 0.5745602, 0.899898, 0.22968725, 0.42425946, 0.21686183, 112.741515, 112.741515, 112.741515, 112.741515, 112.741515, 112.741515, 112.741515
         0, 0.92158635, 0.54540517, 0.22124561, 0.11325867, 0.34176239, 0.28390004, 115.254295, 115.254295, 115.254295, 115.254295, 115.254295, 115.254295, 115.254295
         0, 0.69573165, 0.90915805, 0.89843353, 0.2237642, 0.39806681, 0.61337028, 116.336811, 116.336811, 116.336811, 116.336811, 116.336811, 116.336811, 116.336811
         0, 0.68718986, 0.9562325, 0.46504056, 0.58678657, 0.53720288, 0.01322039, 116.821232, 116.821232, 116.821232, 116.821232, 116.821232, 116.821232, 116.821232
         0, 0.1416985, 0.49795855, 0.03989601, 0.6028059, 0.27346974, 0.1891145, 116.824773, 116.824773, 116.824773, 116.824773, 116.824773, 116.824773, 116.824773
         0, 0.78298349, 0.88646758, 0.2899381, 0.27143554, 0.26023073, 0.48984697, 117.656193, 117.656193, 117.656193, 117.656193, 117.656193, 117.656193, 117.656193
         0, 0.81951898, 0.14100668, 0.75788276, 0.41739061, 0.78307905, 0.41435602, 117.694599, 117.694599, 117.694599, 117.694599, 117.694599, 117.694599, 117.694599
         0, 0.93004819, 0.8120144, 0.49640447, 0.4737141, 0.52046179, 0.19184079, 118.013774, 118.013774, 118.013774, 118.013774, 118.013774, 118.013774, 118.013774
         0, 0.07093043, 0.43976285, 0.10247058, 0.95117253, 0.01046151, 0.12951008, 118.678338, 118.678338, 118.678338, 118.678338, 118.678338, 118.678338, 118.678338
         0, 0.73453406, 0.36851709, 0.058637, 0.08449152, 0.38364756, 0.93672695, 119.387609, 119.387609, 119.387609, 119.387609, 119.387609, 119.387609, 119.387609
         0, 0.04675397, 0.11829445, 0.59939241, 0.85465959, 0.13105497, 0.65379141, 119.989662, 119.989662, 119.989662, 119.989662, 119.989662, 119.989662, 119.989662
         0, 0.81704234, 0.84259731, 0.19865553, 0.26716911, 0.60573723, 0.88104428, 120.151096, 120.151096, 120.151096, 120.151096, 120.151096, 120.151096, 120.151096
         0, 0.1827136, 0.18857935, 0.13175412, 0.03842685, 0.12604537, 0.1496314, 120.260984, 120.260984, 120.260984, 120.260984, 120.260984, 120.260984, 120.260984
         0, 0.79815413, 0.01421845, 0.67810171, 0.43670139, 0.32760306, 0.36337664, 120.340923, 120.340923, 120.340923, 120.340923, 120.340923, 120.340923, 120.340923
         0, 0.98547534, 0.67785264, 0.32769825, 0.61703382, 0.46925775, 0.78789772, 120.423077, 120.423077, 120.423077, 120.423077, 120.423077, 120.423077, 120.423077
         0, 0.69978153, 0.88088184, 0.97928289, 0.92784724, 0.38312427, 0.99323851, 120.801146, 120.801146, 120.801146, 120.801146, 120.801146, 120.801146, 120.801146
         0, 0.09870554, 0.13622595, 0.89526892, 0.18794672, 0.69143496, 0.96916693, 121.001742, 121.001742, 121.001742, 121.001742, 121.001742, 121.001742, 121.001742
         0, 0.94661896, 0.93126834, 0.59390557, 0.36032135, 0.24000347, 0.1179982, 122.277356, 122.277356, 122.277356, 122.277356, 122.277356, 122.277356, 122.277356
         0, 0.88980407, 0.23054349, 0.91156561, 0.96665315, 0.63041151, 0.33823015, 122.476453, 122.476453, 122.476453, 122.476453, 122.476453, 122.476453, 122.476453
         0, 0.85981845, 0.75370653, 0.20169902, 0.23401871, 0.15573228, 0.56799441, 122.788397, 122.788397, 122.788397, 122.788397, 122.788397, 122.788397, 122.788397
         0, 0.18413909, 0.04306079, 0.32061424, 0.12464029, 0.31765369, 0.89918836, 123.871432, 123.871432, 123.871432, 123.871432, 123.871432, 123.871432, 123.871432
         0, 0.92009669, 0.64142386, 0.16364727, 0.83304951, 0.33989602, 0.84138365, 124.655735, 124.655735, 124.655735, 124.655735, 124.655735, 124.655735, 124.655735
         0, 0.99062212, 0.70617547, 0.54501714, 0.92018815, 0.5200111, 0.06042362, 124.986447, 124.986447, 124.986447, 124.986447, 124.986447, 124.986447, 124.986447
         0, 0.88766612, 0.82941348, 0.83729472, 0.86556362, 0.63350918, 0.88514083, 126.230824, 126.230824, 126.230824, 126.230824, 126.230824, 126.230824, 126.230824
         0, 0.98528232, 0.3769448, 0.30067915, 0.94214647, 0.47125067, 0.98880946, 126.844204, 126.844204, 126.844204, 126.844204, 126.844204, 126.844204, 126.844204
         0, 0.95448494, 0.08792002, 0.28813412, 0.88613692, 0.03728943, 0.1473098, 127.221054, 127.221054, 127.221054, 127.221054, 127.221054, 127.221054, 127.221054
         0, 0.01048566, 0.62385692, 0.0567741, 0.79297993, 0.72192796, 0.10327428, 127.276119, 127.276119, 127.276119, 127.276119, 127.276119, 127.276119, 127.276119
         0, 0.86525571, 0.94153341, 0.33519639, 0.44200674, 0.28144429, 0.58606139, 127.511570, 127.51157, 127.51157, 127.51157, 127.51157, 127.51157, 127.51157
         0, 0.24658313, 0.86124366, 0.96708446, 0.66606468, 0.38608977, 0.56718241, 128.622954, 128.622954, 128.622954, 128.622954, 128.622954, 128.622954, 128.622954
         0, 0.80367887, 0.04991804, 0.84219641, 0.39540031, 0.26425762, 0.12693768, 128.674427, 128.674427, 128.674427, 128.674427, 128.674427, 128.674427, 128.674427
         0, 0.00815448, 0.38330459, 0.98017802, 0.05158871, 0.86897767, 0.26491383, 128.734539, 128.734539, 128.734539, 128.734539, 128.734539, 128.734539, 128.734539
         0, 0.10405142, 0.55654776, 0.05625786, 0.21784152, 0.22450952, 0.54492109, 128.748896, 128.748896, 128.748896, 128.748896, 128.748896, 128.748896, 128.748896
         0, 0.18640282, 0.04638237, 0.08695076, 0.56092821, 0.53382392, 0.73047638, 128.999911, 128.999911, 128.999911, 128.999911, 128.999911, 128.999911, 128.999911
         0, 0.03193188, 0.79635558, 0.13659433, 0.99600382, 0.14017061, 0.56085934, 129.817784, 129.817784, 129.817784, 129.817784, 129.817784, 129.817784, 129.817784
         0, 0.55577359, 0.02834141, 0.99746188, 0.14947401, 0.58077043, 0.13587564, 130.193135, 130.193135, 130.193135, 130.193135, 130.193135, 130.193135, 130.193135
         0, 0.32218329, 0.91106507, 0.0194977, 0.38519487, 0.544298, 0.74023239, 130.199443, 130.199443, 130.199443, 130.199443, 130.199443, 130.199443, 130.199443
         0, 0.01605692, 0.73219798, 0.13881055, 0.59309539, 0.94915976, 0.22966871, 132.606243, 132.606243, 132.606243, 132.606243, 132.606243, 132.606243, 132.606243
         0, 0.21627172, 0.88762846, 0.1023627, 0.12925974, 0.53124545, 0.18403224, 132.606579, 132.606579, 132.606579, 132.606579, 132.606579, 132.606579, 132.606579
         0, 0.00212211, 0.02233238, 0.29198704, 0.67962847, 0.58532113, 0.56008192, 132.964124, 132.964124, 132.964124, 132.964124, 132.964124, 132.964124, 132.964124
         0, 0.72304318, 0.97953908, 0.23440282, 0.4578602, 0.2565913, 0.68834023, 133.198491, 133.198491, 133.198491, 133.198491, 133.198491, 133.198491, 133.198491
         0, 0.01508155, 0.07119609, 0.38400273, 0.2240668, 0.17560465, 0.25191357, 134.025941, 134.025941, 134.025941, 134.025941, 134.025941, 134.025941, 134.025941
         0, 0.79921165, 0.19881171, 0.11185018, 0.63431874, 0.9411312, 0.72477625, 134.121091, 134.121091, 134.121091, 134.121091, 134.121091, 134.121091, 134.121091
         0, 0.66952921, 0.9298664, 0.03060997, 0.95188583, 0.88456119, 0.19096248, 135.823196, 135.823196, 135.823196, 135.823196, 135.823196, 135.823196, 135.823196
         0, 0.03137933, 0.96747802, 0.65076415, 0.51230178, 0.21615553, 0.59481044, 135.875841, 135.875841, 135.875841, 135.875841, 135.875841, 135.875841, 135.875841
         0, 0.49232527, 0.93652692, 0.1232828, 0.52979553, 0.95023309, 0.86962488, 136.746550, 136.74655, 136.74655, 136.74655, 136.74655, 136.74655, 136.74655
         0, 0.07727641, 0.13176704, 0.98618243, 0.60733295, 0.06064176, 0.00371506, 138.733198, 138.733198, 138.733198, 138.733198, 138.733198, 138.733198, 138.733198
         0, 0.0760572, 0.0344442, 0.95826685, 0.21749459, 0.20227129, 0.36823369, 141.718916, 141.718916, 141.718916, 141.718916, 141.718916, 141.718916, 141.718916
         0, 0.1670607, 0.96950965, 0.13374726, 0.01604824, 0.01067976, 0.29873167, 144.759472, 144.759472, 144.759472, 144.759472, 144.759472, 144.759472, 144.759472
         0, 0.92403151, 0.42483516, 0.01728557, 0.71542556, 0.96551551, 0.95420422, 145.308687, 145.308687, 145.308687, 145.308687, 145.308687, 145.308687, 145.308687
         0, 0.98497035, 0.12641583, 0.85712196, 0.7490713, 0.82565058, 0.96310101, 146.869654, 146.869654, 146.869654, 146.869654, 146.869654, 146.869654, 146.869654
         0, 0.9682561, 0.07328428, 0.08876206, 0.0724389, 0.02656439, 0.24037399, 147.171436, 147.171436, 147.171436, 147.171436, 147.171436, 147.171436, 147.171436
         0, 0.90629866, 0.90648648, 0.94985235, 0.65807643, 0.25618963, 0.9889322, 148.178015, 148.178015, 148.178015, 148.178015, 148.178015, 148.178015, 148.178015
         0, 0.00455219, 0.11773624, 0.12631582, 0.75193293, 0.1683641, 0.15012886, 148.381144, 148.381144, 148.381144, 148.381144, 148.381144, 148.381144, 148.381144
         0, 0.73537854, 0.97880221, 0.01438556, 0.11090221, 0.69032509, 0.69825455, 154.445227, 154.445227, 154.445227, 154.44